<?xml version="1.0" encoding="UTF-8"?>
<spirit:component xmlns:xilinx="http://www.xilinx.com" xmlns:spirit="http://www.spiritconsortium.org/XMLSchema/SPIRIT/1685-2009" xmlns:xsi="http://www.w3.org/2001/XMLSchema-instance">
  <spirit:vendor>User_Company</spirit:vendor>
  <spirit:library>SysGen</spirit:library>
  <spirit:name>pfb_fir_4096c_16i_core</spirit:name>
  <spirit:version>1.0</spirit:version>
  <spirit:busInterfaces>
    <spirit:busInterface>
      <spirit:name>clk</spirit:name>
      <spirit:busType spirit:vendor="xilinx.com" spirit:library="signal" spirit:name="clock" spirit:version="1.0"/>
      <spirit:abstractionType spirit:vendor="xilinx.com" spirit:library="signal" spirit:name="clock_rtl" spirit:version="1.0"/>
      <spirit:slave/>
      <spirit:portMaps>
        <spirit:portMap>
          <spirit:logicalPort>
            <spirit:name>CLK</spirit:name>
          </spirit:logicalPort>
          <spirit:physicalPort>
            <spirit:name>clk</spirit:name>
          </spirit:physicalPort>
        </spirit:portMap>
      </spirit:portMaps>
    </spirit:busInterface>
    <spirit:busInterface>
      <spirit:name>pol_in</spirit:name>
      <spirit:busType spirit:vendor="xilinx.com" spirit:library="signal" spirit:name="data" spirit:version="1.0"/>
      <spirit:abstractionType spirit:vendor="xilinx.com" spirit:library="signal" spirit:name="data_rtl" spirit:version="1.0"/>
      <spirit:slave/>
      <spirit:portMaps>
        <spirit:portMap>
          <spirit:logicalPort>
            <spirit:name>DATA</spirit:name>
          </spirit:logicalPort>
          <spirit:physicalPort>
            <spirit:name>pol_in</spirit:name>
          </spirit:physicalPort>
        </spirit:portMap>
      </spirit:portMaps>
      <spirit:parameters>
        <spirit:parameter>
          <spirit:name>LAYERED_METADATA</spirit:name>
          <spirit:value spirit:id="BUSIFPARAM_VALUE.POL_IN.LAYERED_METADATA">xilinx.com:interface:datatypes:1.0 {DATA {datatype {name {attribs {resolve_type immediate dependency {} format string minimum {} maximum {}} value {}} bitwidth {attribs {resolve_type immediate dependency {} format long minimum {} maximum {}} value 128} bitoffset {attribs {resolve_type immediate dependency {} format long minimum {} maximum {}} value 0} real {fixed {fractwidth {attribs {resolve_type immediate dependency {} format long minimum {} maximum {}} value 0} signed {attribs {resolve_type immediate dependency {} format bool minimum {} maximum {}} value false}}}}}}</spirit:value>
        </spirit:parameter>
      </spirit:parameters>
    </spirit:busInterface>
    <spirit:busInterface>
      <spirit:name>sync</spirit:name>
      <spirit:busType spirit:vendor="xilinx.com" spirit:library="signal" spirit:name="data" spirit:version="1.0"/>
      <spirit:abstractionType spirit:vendor="xilinx.com" spirit:library="signal" spirit:name="data_rtl" spirit:version="1.0"/>
      <spirit:slave/>
      <spirit:portMaps>
        <spirit:portMap>
          <spirit:logicalPort>
            <spirit:name>DATA</spirit:name>
          </spirit:logicalPort>
          <spirit:physicalPort>
            <spirit:name>sync</spirit:name>
          </spirit:physicalPort>
        </spirit:portMap>
      </spirit:portMaps>
      <spirit:parameters>
        <spirit:parameter>
          <spirit:name>LAYERED_METADATA</spirit:name>
          <spirit:value spirit:id="BUSIFPARAM_VALUE.SYNC.LAYERED_METADATA">xilinx.com:interface:datatypes:1.0 {DATA {datatype {name {attribs {resolve_type immediate dependency {} format string minimum {} maximum {}} value {}} bitwidth {attribs {resolve_type immediate dependency {} format long minimum {} maximum {}} value 32} bitoffset {attribs {resolve_type immediate dependency {} format long minimum {} maximum {}} value 0} real {fixed {fractwidth {attribs {resolve_type immediate dependency {} format long minimum {} maximum {}} value 0} signed {attribs {resolve_type immediate dependency {} format bool minimum {} maximum {}} value false}}}}}}</spirit:value>
        </spirit:parameter>
      </spirit:parameters>
    </spirit:busInterface>
    <spirit:busInterface>
      <spirit:name>pol_out</spirit:name>
      <spirit:busType spirit:vendor="xilinx.com" spirit:library="signal" spirit:name="data" spirit:version="1.0"/>
      <spirit:abstractionType spirit:vendor="xilinx.com" spirit:library="signal" spirit:name="data_rtl" spirit:version="1.0"/>
      <spirit:master/>
      <spirit:portMaps>
        <spirit:portMap>
          <spirit:logicalPort>
            <spirit:name>DATA</spirit:name>
          </spirit:logicalPort>
          <spirit:physicalPort>
            <spirit:name>pol_out</spirit:name>
          </spirit:physicalPort>
        </spirit:portMap>
      </spirit:portMaps>
      <spirit:parameters>
        <spirit:parameter>
          <spirit:name>LAYERED_METADATA</spirit:name>
          <spirit:value spirit:id="BUSIFPARAM_VALUE.POL_OUT.LAYERED_METADATA">xilinx.com:interface:datatypes:1.0 {DATA {datatype {name {attribs {resolve_type immediate dependency {} format string minimum {} maximum {}} value {}} bitwidth {attribs {resolve_type immediate dependency {} format long minimum {} maximum {}} value 192} bitoffset {attribs {resolve_type immediate dependency {} format long minimum {} maximum {}} value 0} real {fixed {fractwidth {attribs {resolve_type immediate dependency {} format long minimum {} maximum {}} value 0} signed {attribs {resolve_type immediate dependency {} format bool minimum {} maximum {}} value false}}}}}}</spirit:value>
        </spirit:parameter>
      </spirit:parameters>
    </spirit:busInterface>
    <spirit:busInterface>
      <spirit:name>sync_out</spirit:name>
      <spirit:busType spirit:vendor="xilinx.com" spirit:library="signal" spirit:name="data" spirit:version="1.0"/>
      <spirit:abstractionType spirit:vendor="xilinx.com" spirit:library="signal" spirit:name="data_rtl" spirit:version="1.0"/>
      <spirit:master/>
      <spirit:portMaps>
        <spirit:portMap>
          <spirit:logicalPort>
            <spirit:name>DATA</spirit:name>
          </spirit:logicalPort>
          <spirit:physicalPort>
            <spirit:name>sync_out</spirit:name>
          </spirit:physicalPort>
        </spirit:portMap>
      </spirit:portMaps>
      <spirit:parameters>
        <spirit:parameter>
          <spirit:name>LAYERED_METADATA</spirit:name>
          <spirit:value spirit:id="BUSIFPARAM_VALUE.SYNC_OUT.LAYERED_METADATA">xilinx.com:interface:datatypes:1.0 {DATA {datatype {name {attribs {resolve_type immediate dependency {} format string minimum {} maximum {}} value {}} bitwidth {attribs {resolve_type immediate dependency {} format long minimum {} maximum {}} value 1} bitoffset {attribs {resolve_type immediate dependency {} format long minimum {} maximum {}} value 0} real {fixed {fractwidth {attribs {resolve_type immediate dependency {} format long minimum {} maximum {}} value 0} signed {attribs {resolve_type immediate dependency {} format bool minimum {} maximum {}} value false}}}}}}</spirit:value>
        </spirit:parameter>
      </spirit:parameters>
    </spirit:busInterface>
  </spirit:busInterfaces>
  <spirit:model>
    <spirit:views>
      <spirit:view>
        <spirit:name>xilinx_vhdlsynthesis</spirit:name>
        <spirit:displayName>VHDL Synthesis</spirit:displayName>
        <spirit:envIdentifier>vhdlSource:vivado.xilinx.com:synthesis</spirit:envIdentifier>
        <spirit:language>vhdl</spirit:language>
        <spirit:modelName>pfb_fir_4096c_16i_core</spirit:modelName>
        <spirit:fileSetRef>
          <spirit:localName>xilinx_vhdlsynthesis_view_fileset</spirit:localName>
        </spirit:fileSetRef>
      </spirit:view>
      <spirit:view>
        <spirit:name>xilinx_vhdlbehavioralsimulation</spirit:name>
        <spirit:displayName>VHDL Simulation</spirit:displayName>
        <spirit:envIdentifier>vhdlSource:vivado.xilinx.com:simulation</spirit:envIdentifier>
        <spirit:language>vhdl</spirit:language>
        <spirit:modelName>pfb_fir_4096c_16i_core</spirit:modelName>
        <spirit:fileSetRef>
          <spirit:localName>xilinx_vhdlbehavioralsimulation_view_fileset</spirit:localName>
        </spirit:fileSetRef>
      </spirit:view>
      <spirit:view>
        <spirit:name>xilinx_xpgui</spirit:name>
        <spirit:displayName>UI Layout</spirit:displayName>
        <spirit:envIdentifier>:vivado.xilinx.com:xgui.ui</spirit:envIdentifier>
        <spirit:fileSetRef>
          <spirit:localName>xilinx_xpgui_view_fileset</spirit:localName>
        </spirit:fileSetRef>
      </spirit:view>
      <spirit:view>
        <spirit:name>xilinx_utilityxitfiles</spirit:name>
        <spirit:displayName>Utility XIT/TTCL</spirit:displayName>
        <spirit:envIdentifier>:vivado.xilinx.com:xit.util</spirit:envIdentifier>
        <spirit:fileSetRef>
          <spirit:localName>xilinx_utilityxitfiles_view_fileset</spirit:localName>
        </spirit:fileSetRef>
      </spirit:view>
    </spirit:views>
    <spirit:ports>
      <spirit:port>
        <spirit:name>pol_in</spirit:name>
        <spirit:wire>
          <spirit:direction>in</spirit:direction>
          <spirit:vector>
            <spirit:left spirit:format="long">127</spirit:left>
            <spirit:right spirit:format="long">0</spirit:right>
          </spirit:vector>
          <spirit:wireTypeDefs>
            <spirit:wireTypeDef>
              <spirit:typeName>std_logic_vector</spirit:typeName>
              <spirit:viewNameRef>xilinx_vhdlsynthesis</spirit:viewNameRef>
              <spirit:viewNameRef>xilinx_vhdlbehavioralsimulation</spirit:viewNameRef>
            </spirit:wireTypeDef>
          </spirit:wireTypeDefs>
        </spirit:wire>
      </spirit:port>
      <spirit:port>
        <spirit:name>sync</spirit:name>
        <spirit:wire>
          <spirit:direction>in</spirit:direction>
          <spirit:vector>
            <spirit:left spirit:format="long">31</spirit:left>
            <spirit:right spirit:format="long">0</spirit:right>
          </spirit:vector>
          <spirit:wireTypeDefs>
            <spirit:wireTypeDef>
              <spirit:typeName>std_logic_vector</spirit:typeName>
              <spirit:viewNameRef>xilinx_vhdlsynthesis</spirit:viewNameRef>
              <spirit:viewNameRef>xilinx_vhdlbehavioralsimulation</spirit:viewNameRef>
            </spirit:wireTypeDef>
          </spirit:wireTypeDefs>
        </spirit:wire>
      </spirit:port>
      <spirit:port>
        <spirit:name>clk</spirit:name>
        <spirit:wire>
          <spirit:direction>in</spirit:direction>
          <spirit:wireTypeDefs>
            <spirit:wireTypeDef>
              <spirit:typeName>std_logic</spirit:typeName>
              <spirit:viewNameRef>xilinx_vhdlsynthesis</spirit:viewNameRef>
              <spirit:viewNameRef>xilinx_vhdlbehavioralsimulation</spirit:viewNameRef>
            </spirit:wireTypeDef>
          </spirit:wireTypeDefs>
        </spirit:wire>
      </spirit:port>
      <spirit:port>
        <spirit:name>pol_out</spirit:name>
        <spirit:wire>
          <spirit:direction>out</spirit:direction>
          <spirit:vector>
            <spirit:left spirit:format="long">191</spirit:left>
            <spirit:right spirit:format="long">0</spirit:right>
          </spirit:vector>
          <spirit:wireTypeDefs>
            <spirit:wireTypeDef>
              <spirit:typeName>std_logic_vector</spirit:typeName>
              <spirit:viewNameRef>xilinx_vhdlsynthesis</spirit:viewNameRef>
              <spirit:viewNameRef>xilinx_vhdlbehavioralsimulation</spirit:viewNameRef>
            </spirit:wireTypeDef>
          </spirit:wireTypeDefs>
        </spirit:wire>
      </spirit:port>
      <spirit:port>
        <spirit:name>sync_out</spirit:name>
        <spirit:wire>
          <spirit:direction>out</spirit:direction>
          <spirit:vector>
            <spirit:left spirit:format="long">0</spirit:left>
            <spirit:right spirit:format="long">0</spirit:right>
          </spirit:vector>
          <spirit:wireTypeDefs>
            <spirit:wireTypeDef>
              <spirit:typeName>std_logic_vector</spirit:typeName>
              <spirit:viewNameRef>xilinx_vhdlsynthesis</spirit:viewNameRef>
              <spirit:viewNameRef>xilinx_vhdlbehavioralsimulation</spirit:viewNameRef>
            </spirit:wireTypeDef>
          </spirit:wireTypeDefs>
        </spirit:wire>
      </spirit:port>
    </spirit:ports>
  </spirit:model>
  <spirit:fileSets>
    <spirit:fileSet>
      <spirit:name>xilinx_vhdlsynthesis_view_fileset</spirit:name>
      <spirit:file>
        <spirit:name>pfb_fir_4096c_16i_core_blk_mem_gen_v8_3_i0/pfb_fir_4096c_16i_core_blk_mem_gen_v8_3_i0.xci</spirit:name>
        <spirit:userFileType>xci</spirit:userFileType>
      </spirit:file>
      <spirit:file>
        <spirit:name>pfb_fir_4096c_16i_core_blk_mem_gen_v8_3_i1/pfb_fir_4096c_16i_core_blk_mem_gen_v8_3_i1.xci</spirit:name>
        <spirit:userFileType>xci</spirit:userFileType>
      </spirit:file>
      <spirit:file>
        <spirit:name>pfb_fir_4096c_16i_core_blk_mem_gen_v8_3_i10/pfb_fir_4096c_16i_core_blk_mem_gen_v8_3_i10.xci</spirit:name>
        <spirit:userFileType>xci</spirit:userFileType>
      </spirit:file>
      <spirit:file>
        <spirit:name>pfb_fir_4096c_16i_core_blk_mem_gen_v8_3_i11/pfb_fir_4096c_16i_core_blk_mem_gen_v8_3_i11.xci</spirit:name>
        <spirit:userFileType>xci</spirit:userFileType>
      </spirit:file>
      <spirit:file>
        <spirit:name>pfb_fir_4096c_16i_core_blk_mem_gen_v8_3_i12/pfb_fir_4096c_16i_core_blk_mem_gen_v8_3_i12.xci</spirit:name>
        <spirit:userFileType>xci</spirit:userFileType>
      </spirit:file>
      <spirit:file>
        <spirit:name>pfb_fir_4096c_16i_core_blk_mem_gen_v8_3_i13/pfb_fir_4096c_16i_core_blk_mem_gen_v8_3_i13.xci</spirit:name>
        <spirit:userFileType>xci</spirit:userFileType>
      </spirit:file>
      <spirit:file>
        <spirit:name>pfb_fir_4096c_16i_core_blk_mem_gen_v8_3_i14/pfb_fir_4096c_16i_core_blk_mem_gen_v8_3_i14.xci</spirit:name>
        <spirit:userFileType>xci</spirit:userFileType>
      </spirit:file>
      <spirit:file>
        <spirit:name>pfb_fir_4096c_16i_core_blk_mem_gen_v8_3_i15/pfb_fir_4096c_16i_core_blk_mem_gen_v8_3_i15.xci</spirit:name>
        <spirit:userFileType>xci</spirit:userFileType>
      </spirit:file>
      <spirit:file>
        <spirit:name>pfb_fir_4096c_16i_core_blk_mem_gen_v8_3_i16/pfb_fir_4096c_16i_core_blk_mem_gen_v8_3_i16.xci</spirit:name>
        <spirit:userFileType>xci</spirit:userFileType>
      </spirit:file>
      <spirit:file>
        <spirit:name>pfb_fir_4096c_16i_core_blk_mem_gen_v8_3_i17/pfb_fir_4096c_16i_core_blk_mem_gen_v8_3_i17.xci</spirit:name>
        <spirit:userFileType>xci</spirit:userFileType>
      </spirit:file>
      <spirit:file>
        <spirit:name>pfb_fir_4096c_16i_core_blk_mem_gen_v8_3_i18/pfb_fir_4096c_16i_core_blk_mem_gen_v8_3_i18.xci</spirit:name>
        <spirit:userFileType>xci</spirit:userFileType>
      </spirit:file>
      <spirit:file>
        <spirit:name>pfb_fir_4096c_16i_core_blk_mem_gen_v8_3_i19/pfb_fir_4096c_16i_core_blk_mem_gen_v8_3_i19.xci</spirit:name>
        <spirit:userFileType>xci</spirit:userFileType>
      </spirit:file>
      <spirit:file>
        <spirit:name>pfb_fir_4096c_16i_core_blk_mem_gen_v8_3_i2/pfb_fir_4096c_16i_core_blk_mem_gen_v8_3_i2.xci</spirit:name>
        <spirit:userFileType>xci</spirit:userFileType>
      </spirit:file>
      <spirit:file>
        <spirit:name>pfb_fir_4096c_16i_core_blk_mem_gen_v8_3_i20/pfb_fir_4096c_16i_core_blk_mem_gen_v8_3_i20.xci</spirit:name>
        <spirit:userFileType>xci</spirit:userFileType>
      </spirit:file>
      <spirit:file>
        <spirit:name>pfb_fir_4096c_16i_core_blk_mem_gen_v8_3_i21/pfb_fir_4096c_16i_core_blk_mem_gen_v8_3_i21.xci</spirit:name>
        <spirit:userFileType>xci</spirit:userFileType>
      </spirit:file>
      <spirit:file>
        <spirit:name>pfb_fir_4096c_16i_core_blk_mem_gen_v8_3_i22/pfb_fir_4096c_16i_core_blk_mem_gen_v8_3_i22.xci</spirit:name>
        <spirit:userFileType>xci</spirit:userFileType>
      </spirit:file>
      <spirit:file>
        <spirit:name>pfb_fir_4096c_16i_core_blk_mem_gen_v8_3_i23/pfb_fir_4096c_16i_core_blk_mem_gen_v8_3_i23.xci</spirit:name>
        <spirit:userFileType>xci</spirit:userFileType>
      </spirit:file>
      <spirit:file>
        <spirit:name>pfb_fir_4096c_16i_core_blk_mem_gen_v8_3_i24/pfb_fir_4096c_16i_core_blk_mem_gen_v8_3_i24.xci</spirit:name>
        <spirit:userFileType>xci</spirit:userFileType>
      </spirit:file>
      <spirit:file>
        <spirit:name>pfb_fir_4096c_16i_core_blk_mem_gen_v8_3_i25/pfb_fir_4096c_16i_core_blk_mem_gen_v8_3_i25.xci</spirit:name>
        <spirit:userFileType>xci</spirit:userFileType>
      </spirit:file>
      <spirit:file>
        <spirit:name>pfb_fir_4096c_16i_core_blk_mem_gen_v8_3_i26/pfb_fir_4096c_16i_core_blk_mem_gen_v8_3_i26.xci</spirit:name>
        <spirit:userFileType>xci</spirit:userFileType>
      </spirit:file>
      <spirit:file>
        <spirit:name>pfb_fir_4096c_16i_core_blk_mem_gen_v8_3_i27/pfb_fir_4096c_16i_core_blk_mem_gen_v8_3_i27.xci</spirit:name>
        <spirit:userFileType>xci</spirit:userFileType>
      </spirit:file>
      <spirit:file>
        <spirit:name>pfb_fir_4096c_16i_core_blk_mem_gen_v8_3_i28/pfb_fir_4096c_16i_core_blk_mem_gen_v8_3_i28.xci</spirit:name>
        <spirit:userFileType>xci</spirit:userFileType>
      </spirit:file>
      <spirit:file>
        <spirit:name>pfb_fir_4096c_16i_core_blk_mem_gen_v8_3_i29/pfb_fir_4096c_16i_core_blk_mem_gen_v8_3_i29.xci</spirit:name>
        <spirit:userFileType>xci</spirit:userFileType>
      </spirit:file>
      <spirit:file>
        <spirit:name>pfb_fir_4096c_16i_core_blk_mem_gen_v8_3_i3/pfb_fir_4096c_16i_core_blk_mem_gen_v8_3_i3.xci</spirit:name>
        <spirit:userFileType>xci</spirit:userFileType>
      </spirit:file>
      <spirit:file>
        <spirit:name>pfb_fir_4096c_16i_core_blk_mem_gen_v8_3_i30/pfb_fir_4096c_16i_core_blk_mem_gen_v8_3_i30.xci</spirit:name>
        <spirit:userFileType>xci</spirit:userFileType>
      </spirit:file>
      <spirit:file>
        <spirit:name>pfb_fir_4096c_16i_core_blk_mem_gen_v8_3_i31/pfb_fir_4096c_16i_core_blk_mem_gen_v8_3_i31.xci</spirit:name>
        <spirit:userFileType>xci</spirit:userFileType>
      </spirit:file>
      <spirit:file>
        <spirit:name>pfb_fir_4096c_16i_core_blk_mem_gen_v8_3_i32/pfb_fir_4096c_16i_core_blk_mem_gen_v8_3_i32.xci</spirit:name>
        <spirit:userFileType>xci</spirit:userFileType>
      </spirit:file>
      <spirit:file>
        <spirit:name>pfb_fir_4096c_16i_core_blk_mem_gen_v8_3_i33/pfb_fir_4096c_16i_core_blk_mem_gen_v8_3_i33.xci</spirit:name>
        <spirit:userFileType>xci</spirit:userFileType>
      </spirit:file>
      <spirit:file>
        <spirit:name>pfb_fir_4096c_16i_core_blk_mem_gen_v8_3_i34/pfb_fir_4096c_16i_core_blk_mem_gen_v8_3_i34.xci</spirit:name>
        <spirit:userFileType>xci</spirit:userFileType>
      </spirit:file>
      <spirit:file>
        <spirit:name>pfb_fir_4096c_16i_core_blk_mem_gen_v8_3_i35/pfb_fir_4096c_16i_core_blk_mem_gen_v8_3_i35.xci</spirit:name>
        <spirit:userFileType>xci</spirit:userFileType>
      </spirit:file>
      <spirit:file>
        <spirit:name>pfb_fir_4096c_16i_core_blk_mem_gen_v8_3_i36/pfb_fir_4096c_16i_core_blk_mem_gen_v8_3_i36.xci</spirit:name>
        <spirit:userFileType>xci</spirit:userFileType>
      </spirit:file>
      <spirit:file>
        <spirit:name>pfb_fir_4096c_16i_core_blk_mem_gen_v8_3_i37/pfb_fir_4096c_16i_core_blk_mem_gen_v8_3_i37.xci</spirit:name>
        <spirit:userFileType>xci</spirit:userFileType>
      </spirit:file>
      <spirit:file>
        <spirit:name>pfb_fir_4096c_16i_core_blk_mem_gen_v8_3_i38/pfb_fir_4096c_16i_core_blk_mem_gen_v8_3_i38.xci</spirit:name>
        <spirit:userFileType>xci</spirit:userFileType>
      </spirit:file>
      <spirit:file>
        <spirit:name>pfb_fir_4096c_16i_core_blk_mem_gen_v8_3_i39/pfb_fir_4096c_16i_core_blk_mem_gen_v8_3_i39.xci</spirit:name>
        <spirit:userFileType>xci</spirit:userFileType>
      </spirit:file>
      <spirit:file>
        <spirit:name>pfb_fir_4096c_16i_core_blk_mem_gen_v8_3_i4/pfb_fir_4096c_16i_core_blk_mem_gen_v8_3_i4.xci</spirit:name>
        <spirit:userFileType>xci</spirit:userFileType>
      </spirit:file>
      <spirit:file>
        <spirit:name>pfb_fir_4096c_16i_core_blk_mem_gen_v8_3_i40/pfb_fir_4096c_16i_core_blk_mem_gen_v8_3_i40.xci</spirit:name>
        <spirit:userFileType>xci</spirit:userFileType>
      </spirit:file>
      <spirit:file>
        <spirit:name>pfb_fir_4096c_16i_core_blk_mem_gen_v8_3_i41/pfb_fir_4096c_16i_core_blk_mem_gen_v8_3_i41.xci</spirit:name>
        <spirit:userFileType>xci</spirit:userFileType>
      </spirit:file>
      <spirit:file>
        <spirit:name>pfb_fir_4096c_16i_core_blk_mem_gen_v8_3_i42/pfb_fir_4096c_16i_core_blk_mem_gen_v8_3_i42.xci</spirit:name>
        <spirit:userFileType>xci</spirit:userFileType>
      </spirit:file>
      <spirit:file>
        <spirit:name>pfb_fir_4096c_16i_core_blk_mem_gen_v8_3_i43/pfb_fir_4096c_16i_core_blk_mem_gen_v8_3_i43.xci</spirit:name>
        <spirit:userFileType>xci</spirit:userFileType>
      </spirit:file>
      <spirit:file>
        <spirit:name>pfb_fir_4096c_16i_core_blk_mem_gen_v8_3_i44/pfb_fir_4096c_16i_core_blk_mem_gen_v8_3_i44.xci</spirit:name>
        <spirit:userFileType>xci</spirit:userFileType>
      </spirit:file>
      <spirit:file>
        <spirit:name>pfb_fir_4096c_16i_core_blk_mem_gen_v8_3_i45/pfb_fir_4096c_16i_core_blk_mem_gen_v8_3_i45.xci</spirit:name>
        <spirit:userFileType>xci</spirit:userFileType>
      </spirit:file>
      <spirit:file>
        <spirit:name>pfb_fir_4096c_16i_core_blk_mem_gen_v8_3_i46/pfb_fir_4096c_16i_core_blk_mem_gen_v8_3_i46.xci</spirit:name>
        <spirit:userFileType>xci</spirit:userFileType>
      </spirit:file>
      <spirit:file>
        <spirit:name>pfb_fir_4096c_16i_core_blk_mem_gen_v8_3_i47/pfb_fir_4096c_16i_core_blk_mem_gen_v8_3_i47.xci</spirit:name>
        <spirit:userFileType>xci</spirit:userFileType>
      </spirit:file>
      <spirit:file>
        <spirit:name>pfb_fir_4096c_16i_core_blk_mem_gen_v8_3_i48/pfb_fir_4096c_16i_core_blk_mem_gen_v8_3_i48.xci</spirit:name>
        <spirit:userFileType>xci</spirit:userFileType>
      </spirit:file>
      <spirit:file>
        <spirit:name>pfb_fir_4096c_16i_core_blk_mem_gen_v8_3_i49/pfb_fir_4096c_16i_core_blk_mem_gen_v8_3_i49.xci</spirit:name>
        <spirit:userFileType>xci</spirit:userFileType>
      </spirit:file>
      <spirit:file>
        <spirit:name>pfb_fir_4096c_16i_core_blk_mem_gen_v8_3_i5/pfb_fir_4096c_16i_core_blk_mem_gen_v8_3_i5.xci</spirit:name>
        <spirit:userFileType>xci</spirit:userFileType>
      </spirit:file>
      <spirit:file>
        <spirit:name>pfb_fir_4096c_16i_core_blk_mem_gen_v8_3_i50/pfb_fir_4096c_16i_core_blk_mem_gen_v8_3_i50.xci</spirit:name>
        <spirit:userFileType>xci</spirit:userFileType>
      </spirit:file>
      <spirit:file>
        <spirit:name>pfb_fir_4096c_16i_core_blk_mem_gen_v8_3_i51/pfb_fir_4096c_16i_core_blk_mem_gen_v8_3_i51.xci</spirit:name>
        <spirit:userFileType>xci</spirit:userFileType>
      </spirit:file>
      <spirit:file>
        <spirit:name>pfb_fir_4096c_16i_core_blk_mem_gen_v8_3_i52/pfb_fir_4096c_16i_core_blk_mem_gen_v8_3_i52.xci</spirit:name>
        <spirit:userFileType>xci</spirit:userFileType>
      </spirit:file>
      <spirit:file>
        <spirit:name>pfb_fir_4096c_16i_core_blk_mem_gen_v8_3_i53/pfb_fir_4096c_16i_core_blk_mem_gen_v8_3_i53.xci</spirit:name>
        <spirit:userFileType>xci</spirit:userFileType>
      </spirit:file>
      <spirit:file>
        <spirit:name>pfb_fir_4096c_16i_core_blk_mem_gen_v8_3_i54/pfb_fir_4096c_16i_core_blk_mem_gen_v8_3_i54.xci</spirit:name>
        <spirit:userFileType>xci</spirit:userFileType>
      </spirit:file>
      <spirit:file>
        <spirit:name>pfb_fir_4096c_16i_core_blk_mem_gen_v8_3_i55/pfb_fir_4096c_16i_core_blk_mem_gen_v8_3_i55.xci</spirit:name>
        <spirit:userFileType>xci</spirit:userFileType>
      </spirit:file>
      <spirit:file>
        <spirit:name>pfb_fir_4096c_16i_core_blk_mem_gen_v8_3_i56/pfb_fir_4096c_16i_core_blk_mem_gen_v8_3_i56.xci</spirit:name>
        <spirit:userFileType>xci</spirit:userFileType>
      </spirit:file>
      <spirit:file>
        <spirit:name>pfb_fir_4096c_16i_core_blk_mem_gen_v8_3_i57/pfb_fir_4096c_16i_core_blk_mem_gen_v8_3_i57.xci</spirit:name>
        <spirit:userFileType>xci</spirit:userFileType>
      </spirit:file>
      <spirit:file>
        <spirit:name>pfb_fir_4096c_16i_core_blk_mem_gen_v8_3_i58/pfb_fir_4096c_16i_core_blk_mem_gen_v8_3_i58.xci</spirit:name>
        <spirit:userFileType>xci</spirit:userFileType>
      </spirit:file>
      <spirit:file>
        <spirit:name>pfb_fir_4096c_16i_core_blk_mem_gen_v8_3_i59/pfb_fir_4096c_16i_core_blk_mem_gen_v8_3_i59.xci</spirit:name>
        <spirit:userFileType>xci</spirit:userFileType>
      </spirit:file>
      <spirit:file>
        <spirit:name>pfb_fir_4096c_16i_core_blk_mem_gen_v8_3_i6/pfb_fir_4096c_16i_core_blk_mem_gen_v8_3_i6.xci</spirit:name>
        <spirit:userFileType>xci</spirit:userFileType>
      </spirit:file>
      <spirit:file>
        <spirit:name>pfb_fir_4096c_16i_core_blk_mem_gen_v8_3_i60/pfb_fir_4096c_16i_core_blk_mem_gen_v8_3_i60.xci</spirit:name>
        <spirit:userFileType>xci</spirit:userFileType>
      </spirit:file>
      <spirit:file>
        <spirit:name>pfb_fir_4096c_16i_core_blk_mem_gen_v8_3_i61/pfb_fir_4096c_16i_core_blk_mem_gen_v8_3_i61.xci</spirit:name>
        <spirit:userFileType>xci</spirit:userFileType>
      </spirit:file>
      <spirit:file>
        <spirit:name>pfb_fir_4096c_16i_core_blk_mem_gen_v8_3_i62/pfb_fir_4096c_16i_core_blk_mem_gen_v8_3_i62.xci</spirit:name>
        <spirit:userFileType>xci</spirit:userFileType>
      </spirit:file>
      <spirit:file>
        <spirit:name>pfb_fir_4096c_16i_core_blk_mem_gen_v8_3_i63/pfb_fir_4096c_16i_core_blk_mem_gen_v8_3_i63.xci</spirit:name>
        <spirit:userFileType>xci</spirit:userFileType>
      </spirit:file>
      <spirit:file>
        <spirit:name>pfb_fir_4096c_16i_core_blk_mem_gen_v8_3_i64/pfb_fir_4096c_16i_core_blk_mem_gen_v8_3_i64.xci</spirit:name>
        <spirit:userFileType>xci</spirit:userFileType>
      </spirit:file>
      <spirit:file>
        <spirit:name>pfb_fir_4096c_16i_core_blk_mem_gen_v8_3_i65/pfb_fir_4096c_16i_core_blk_mem_gen_v8_3_i65.xci</spirit:name>
        <spirit:userFileType>xci</spirit:userFileType>
      </spirit:file>
      <spirit:file>
        <spirit:name>pfb_fir_4096c_16i_core_blk_mem_gen_v8_3_i7/pfb_fir_4096c_16i_core_blk_mem_gen_v8_3_i7.xci</spirit:name>
        <spirit:userFileType>xci</spirit:userFileType>
      </spirit:file>
      <spirit:file>
        <spirit:name>pfb_fir_4096c_16i_core_blk_mem_gen_v8_3_i8/pfb_fir_4096c_16i_core_blk_mem_gen_v8_3_i8.xci</spirit:name>
        <spirit:userFileType>xci</spirit:userFileType>
      </spirit:file>
      <spirit:file>
        <spirit:name>pfb_fir_4096c_16i_core_blk_mem_gen_v8_3_i9/pfb_fir_4096c_16i_core_blk_mem_gen_v8_3_i9.xci</spirit:name>
        <spirit:userFileType>xci</spirit:userFileType>
      </spirit:file>
      <spirit:file>
        <spirit:name>pfb_fir_4096c_16i_core_c_addsub_v12_0_i0/pfb_fir_4096c_16i_core_c_addsub_v12_0_i0.xci</spirit:name>
        <spirit:userFileType>xci</spirit:userFileType>
      </spirit:file>
      <spirit:file>
        <spirit:name>pfb_fir_4096c_16i_core_c_counter_binary_v12_0_i0/pfb_fir_4096c_16i_core_c_counter_binary_v12_0_i0.xci</spirit:name>
        <spirit:userFileType>xci</spirit:userFileType>
      </spirit:file>
      <spirit:file>
        <spirit:name>pfb_fir_4096c_16i_core_c_counter_binary_v12_0_i1/pfb_fir_4096c_16i_core_c_counter_binary_v12_0_i1.xci</spirit:name>
        <spirit:userFileType>xci</spirit:userFileType>
      </spirit:file>
      <spirit:file>
        <spirit:name>pfb_fir_4096c_16i_core_c_counter_binary_v12_0_i2/pfb_fir_4096c_16i_core_c_counter_binary_v12_0_i2.xci</spirit:name>
        <spirit:userFileType>xci</spirit:userFileType>
      </spirit:file>
      <spirit:file>
        <spirit:name>constrs/pfb_fir_4096c_16i_core.xdc</spirit:name>
        <spirit:userFileType>xdc</spirit:userFileType>
      </spirit:file>
      <spirit:file>
        <spirit:name>pfb_fir_4096c_16i_core_blk_mem_gen_v8_3_i0_vivado.coe</spirit:name>
        <spirit:userFileType>coe</spirit:userFileType>
      </spirit:file>
      <spirit:file>
        <spirit:name>pfb_fir_4096c_16i_core_blk_mem_gen_v8_3_i1_vivado.coe</spirit:name>
        <spirit:userFileType>coe</spirit:userFileType>
      </spirit:file>
      <spirit:file>
        <spirit:name>pfb_fir_4096c_16i_core_blk_mem_gen_v8_3_i2_vivado.coe</spirit:name>
        <spirit:userFileType>coe</spirit:userFileType>
      </spirit:file>
      <spirit:file>
        <spirit:name>pfb_fir_4096c_16i_core_blk_mem_gen_v8_3_i3_vivado.coe</spirit:name>
        <spirit:userFileType>coe</spirit:userFileType>
      </spirit:file>
      <spirit:file>
        <spirit:name>pfb_fir_4096c_16i_core_blk_mem_gen_v8_3_i4_vivado.coe</spirit:name>
        <spirit:userFileType>coe</spirit:userFileType>
      </spirit:file>
      <spirit:file>
        <spirit:name>pfb_fir_4096c_16i_core_blk_mem_gen_v8_3_i5_vivado.coe</spirit:name>
        <spirit:userFileType>coe</spirit:userFileType>
      </spirit:file>
      <spirit:file>
        <spirit:name>pfb_fir_4096c_16i_core_blk_mem_gen_v8_3_i6_vivado.coe</spirit:name>
        <spirit:userFileType>coe</spirit:userFileType>
      </spirit:file>
      <spirit:file>
        <spirit:name>pfb_fir_4096c_16i_core_blk_mem_gen_v8_3_i7_vivado.coe</spirit:name>
        <spirit:userFileType>coe</spirit:userFileType>
      </spirit:file>
      <spirit:file>
        <spirit:name>pfb_fir_4096c_16i_core_blk_mem_gen_v8_3_i8_vivado.coe</spirit:name>
        <spirit:userFileType>coe</spirit:userFileType>
      </spirit:file>
      <spirit:file>
        <spirit:name>pfb_fir_4096c_16i_core_blk_mem_gen_v8_3_i9_vivado.coe</spirit:name>
        <spirit:userFileType>coe</spirit:userFileType>
      </spirit:file>
      <spirit:file>
        <spirit:name>pfb_fir_4096c_16i_core_blk_mem_gen_v8_3_i10_vivado.coe</spirit:name>
        <spirit:userFileType>coe</spirit:userFileType>
      </spirit:file>
      <spirit:file>
        <spirit:name>pfb_fir_4096c_16i_core_blk_mem_gen_v8_3_i11_vivado.coe</spirit:name>
        <spirit:userFileType>coe</spirit:userFileType>
      </spirit:file>
      <spirit:file>
        <spirit:name>pfb_fir_4096c_16i_core_blk_mem_gen_v8_3_i12_vivado.coe</spirit:name>
        <spirit:userFileType>coe</spirit:userFileType>
      </spirit:file>
      <spirit:file>
        <spirit:name>pfb_fir_4096c_16i_core_blk_mem_gen_v8_3_i13_vivado.coe</spirit:name>
        <spirit:userFileType>coe</spirit:userFileType>
      </spirit:file>
      <spirit:file>
        <spirit:name>pfb_fir_4096c_16i_core_blk_mem_gen_v8_3_i14_vivado.coe</spirit:name>
        <spirit:userFileType>coe</spirit:userFileType>
      </spirit:file>
      <spirit:file>
        <spirit:name>pfb_fir_4096c_16i_core_blk_mem_gen_v8_3_i15_vivado.coe</spirit:name>
        <spirit:userFileType>coe</spirit:userFileType>
      </spirit:file>
      <spirit:file>
        <spirit:name>pfb_fir_4096c_16i_core_blk_mem_gen_v8_3_i16_vivado.coe</spirit:name>
        <spirit:userFileType>coe</spirit:userFileType>
      </spirit:file>
      <spirit:file>
        <spirit:name>pfb_fir_4096c_16i_core_blk_mem_gen_v8_3_i17_vivado.coe</spirit:name>
        <spirit:userFileType>coe</spirit:userFileType>
      </spirit:file>
      <spirit:file>
        <spirit:name>pfb_fir_4096c_16i_core_blk_mem_gen_v8_3_i18_vivado.coe</spirit:name>
        <spirit:userFileType>coe</spirit:userFileType>
      </spirit:file>
      <spirit:file>
        <spirit:name>pfb_fir_4096c_16i_core_blk_mem_gen_v8_3_i19_vivado.coe</spirit:name>
        <spirit:userFileType>coe</spirit:userFileType>
      </spirit:file>
      <spirit:file>
        <spirit:name>pfb_fir_4096c_16i_core_blk_mem_gen_v8_3_i20_vivado.coe</spirit:name>
        <spirit:userFileType>coe</spirit:userFileType>
      </spirit:file>
      <spirit:file>
        <spirit:name>pfb_fir_4096c_16i_core_blk_mem_gen_v8_3_i21_vivado.coe</spirit:name>
        <spirit:userFileType>coe</spirit:userFileType>
      </spirit:file>
      <spirit:file>
        <spirit:name>pfb_fir_4096c_16i_core_blk_mem_gen_v8_3_i22_vivado.coe</spirit:name>
        <spirit:userFileType>coe</spirit:userFileType>
      </spirit:file>
      <spirit:file>
        <spirit:name>pfb_fir_4096c_16i_core_blk_mem_gen_v8_3_i23_vivado.coe</spirit:name>
        <spirit:userFileType>coe</spirit:userFileType>
      </spirit:file>
      <spirit:file>
        <spirit:name>pfb_fir_4096c_16i_core_blk_mem_gen_v8_3_i24_vivado.coe</spirit:name>
        <spirit:userFileType>coe</spirit:userFileType>
      </spirit:file>
      <spirit:file>
        <spirit:name>pfb_fir_4096c_16i_core_blk_mem_gen_v8_3_i25_vivado.coe</spirit:name>
        <spirit:userFileType>coe</spirit:userFileType>
      </spirit:file>
      <spirit:file>
        <spirit:name>pfb_fir_4096c_16i_core_blk_mem_gen_v8_3_i26_vivado.coe</spirit:name>
        <spirit:userFileType>coe</spirit:userFileType>
      </spirit:file>
      <spirit:file>
        <spirit:name>pfb_fir_4096c_16i_core_blk_mem_gen_v8_3_i27_vivado.coe</spirit:name>
        <spirit:userFileType>coe</spirit:userFileType>
      </spirit:file>
      <spirit:file>
        <spirit:name>pfb_fir_4096c_16i_core_blk_mem_gen_v8_3_i28_vivado.coe</spirit:name>
        <spirit:userFileType>coe</spirit:userFileType>
      </spirit:file>
      <spirit:file>
        <spirit:name>pfb_fir_4096c_16i_core_blk_mem_gen_v8_3_i29_vivado.coe</spirit:name>
        <spirit:userFileType>coe</spirit:userFileType>
      </spirit:file>
      <spirit:file>
        <spirit:name>pfb_fir_4096c_16i_core_blk_mem_gen_v8_3_i30_vivado.coe</spirit:name>
        <spirit:userFileType>coe</spirit:userFileType>
      </spirit:file>
      <spirit:file>
        <spirit:name>pfb_fir_4096c_16i_core_blk_mem_gen_v8_3_i31_vivado.coe</spirit:name>
        <spirit:userFileType>coe</spirit:userFileType>
      </spirit:file>
      <spirit:file>
        <spirit:name>pfb_fir_4096c_16i_core_blk_mem_gen_v8_3_i32_vivado.coe</spirit:name>
        <spirit:userFileType>coe</spirit:userFileType>
      </spirit:file>
      <spirit:file>
        <spirit:name>pfb_fir_4096c_16i_core_blk_mem_gen_v8_3_i33_vivado.coe</spirit:name>
        <spirit:userFileType>coe</spirit:userFileType>
      </spirit:file>
      <spirit:file>
        <spirit:name>pfb_fir_4096c_16i_core_blk_mem_gen_v8_3_i34_vivado.coe</spirit:name>
        <spirit:userFileType>coe</spirit:userFileType>
      </spirit:file>
      <spirit:file>
        <spirit:name>pfb_fir_4096c_16i_core_blk_mem_gen_v8_3_i35_vivado.coe</spirit:name>
        <spirit:userFileType>coe</spirit:userFileType>
      </spirit:file>
      <spirit:file>
        <spirit:name>pfb_fir_4096c_16i_core_blk_mem_gen_v8_3_i36_vivado.coe</spirit:name>
        <spirit:userFileType>coe</spirit:userFileType>
      </spirit:file>
      <spirit:file>
        <spirit:name>pfb_fir_4096c_16i_core_blk_mem_gen_v8_3_i37_vivado.coe</spirit:name>
        <spirit:userFileType>coe</spirit:userFileType>
      </spirit:file>
      <spirit:file>
        <spirit:name>pfb_fir_4096c_16i_core_blk_mem_gen_v8_3_i38_vivado.coe</spirit:name>
        <spirit:userFileType>coe</spirit:userFileType>
      </spirit:file>
      <spirit:file>
        <spirit:name>pfb_fir_4096c_16i_core_blk_mem_gen_v8_3_i39_vivado.coe</spirit:name>
        <spirit:userFileType>coe</spirit:userFileType>
      </spirit:file>
      <spirit:file>
        <spirit:name>pfb_fir_4096c_16i_core_blk_mem_gen_v8_3_i40_vivado.coe</spirit:name>
        <spirit:userFileType>coe</spirit:userFileType>
      </spirit:file>
      <spirit:file>
        <spirit:name>pfb_fir_4096c_16i_core_blk_mem_gen_v8_3_i41_vivado.coe</spirit:name>
        <spirit:userFileType>coe</spirit:userFileType>
      </spirit:file>
      <spirit:file>
        <spirit:name>pfb_fir_4096c_16i_core_blk_mem_gen_v8_3_i42_vivado.coe</spirit:name>
        <spirit:userFileType>coe</spirit:userFileType>
      </spirit:file>
      <spirit:file>
        <spirit:name>pfb_fir_4096c_16i_core_blk_mem_gen_v8_3_i43_vivado.coe</spirit:name>
        <spirit:userFileType>coe</spirit:userFileType>
      </spirit:file>
      <spirit:file>
        <spirit:name>pfb_fir_4096c_16i_core_blk_mem_gen_v8_3_i44_vivado.coe</spirit:name>
        <spirit:userFileType>coe</spirit:userFileType>
      </spirit:file>
      <spirit:file>
        <spirit:name>pfb_fir_4096c_16i_core_blk_mem_gen_v8_3_i45_vivado.coe</spirit:name>
        <spirit:userFileType>coe</spirit:userFileType>
      </spirit:file>
      <spirit:file>
        <spirit:name>pfb_fir_4096c_16i_core_blk_mem_gen_v8_3_i46_vivado.coe</spirit:name>
        <spirit:userFileType>coe</spirit:userFileType>
      </spirit:file>
      <spirit:file>
        <spirit:name>pfb_fir_4096c_16i_core_blk_mem_gen_v8_3_i47_vivado.coe</spirit:name>
        <spirit:userFileType>coe</spirit:userFileType>
      </spirit:file>
      <spirit:file>
        <spirit:name>pfb_fir_4096c_16i_core_blk_mem_gen_v8_3_i48_vivado.coe</spirit:name>
        <spirit:userFileType>coe</spirit:userFileType>
      </spirit:file>
      <spirit:file>
        <spirit:name>pfb_fir_4096c_16i_core_blk_mem_gen_v8_3_i49_vivado.coe</spirit:name>
        <spirit:userFileType>coe</spirit:userFileType>
      </spirit:file>
      <spirit:file>
        <spirit:name>pfb_fir_4096c_16i_core_blk_mem_gen_v8_3_i50_vivado.coe</spirit:name>
        <spirit:userFileType>coe</spirit:userFileType>
      </spirit:file>
      <spirit:file>
        <spirit:name>pfb_fir_4096c_16i_core_blk_mem_gen_v8_3_i51_vivado.coe</spirit:name>
        <spirit:userFileType>coe</spirit:userFileType>
      </spirit:file>
      <spirit:file>
        <spirit:name>pfb_fir_4096c_16i_core_blk_mem_gen_v8_3_i52_vivado.coe</spirit:name>
        <spirit:userFileType>coe</spirit:userFileType>
      </spirit:file>
      <spirit:file>
        <spirit:name>pfb_fir_4096c_16i_core_blk_mem_gen_v8_3_i53_vivado.coe</spirit:name>
        <spirit:userFileType>coe</spirit:userFileType>
      </spirit:file>
      <spirit:file>
        <spirit:name>pfb_fir_4096c_16i_core_blk_mem_gen_v8_3_i54_vivado.coe</spirit:name>
        <spirit:userFileType>coe</spirit:userFileType>
      </spirit:file>
      <spirit:file>
        <spirit:name>pfb_fir_4096c_16i_core_blk_mem_gen_v8_3_i55_vivado.coe</spirit:name>
        <spirit:userFileType>coe</spirit:userFileType>
      </spirit:file>
      <spirit:file>
        <spirit:name>pfb_fir_4096c_16i_core_blk_mem_gen_v8_3_i56_vivado.coe</spirit:name>
        <spirit:userFileType>coe</spirit:userFileType>
      </spirit:file>
      <spirit:file>
        <spirit:name>pfb_fir_4096c_16i_core_blk_mem_gen_v8_3_i57_vivado.coe</spirit:name>
        <spirit:userFileType>coe</spirit:userFileType>
      </spirit:file>
      <spirit:file>
        <spirit:name>pfb_fir_4096c_16i_core_blk_mem_gen_v8_3_i58_vivado.coe</spirit:name>
        <spirit:userFileType>coe</spirit:userFileType>
      </spirit:file>
      <spirit:file>
        <spirit:name>pfb_fir_4096c_16i_core_blk_mem_gen_v8_3_i59_vivado.coe</spirit:name>
        <spirit:userFileType>coe</spirit:userFileType>
      </spirit:file>
      <spirit:file>
        <spirit:name>pfb_fir_4096c_16i_core_blk_mem_gen_v8_3_i60_vivado.coe</spirit:name>
        <spirit:userFileType>coe</spirit:userFileType>
      </spirit:file>
      <spirit:file>
        <spirit:name>pfb_fir_4096c_16i_core_blk_mem_gen_v8_3_i61_vivado.coe</spirit:name>
        <spirit:userFileType>coe</spirit:userFileType>
      </spirit:file>
      <spirit:file>
        <spirit:name>pfb_fir_4096c_16i_core_blk_mem_gen_v8_3_i62_vivado.coe</spirit:name>
        <spirit:userFileType>coe</spirit:userFileType>
      </spirit:file>
      <spirit:file>
        <spirit:name>pfb_fir_4096c_16i_core_blk_mem_gen_v8_3_i63_vivado.coe</spirit:name>
        <spirit:userFileType>coe</spirit:userFileType>
      </spirit:file>
      <spirit:file>
        <spirit:name>pfb_fir_4096c_16i_core_blk_mem_gen_v8_3_i64_vivado.coe</spirit:name>
        <spirit:userFileType>coe</spirit:userFileType>
      </spirit:file>
      <spirit:file>
        <spirit:name>pfb_fir_4096c_16i_core_blk_mem_gen_v8_3_i65_vivado.coe</spirit:name>
        <spirit:userFileType>coe</spirit:userFileType>
      </spirit:file>
      <spirit:file>
        <spirit:name>hdl/conv_pkg.vhd</spirit:name>
        <spirit:fileType>vhdlSource</spirit:fileType>
        <spirit:logicalName>xil_defaultlib</spirit:logicalName>
      </spirit:file>
      <spirit:file>
        <spirit:name>hdl/synth_reg.vhd</spirit:name>
        <spirit:fileType>vhdlSource</spirit:fileType>
        <spirit:logicalName>xil_defaultlib</spirit:logicalName>
      </spirit:file>
      <spirit:file>
        <spirit:name>hdl/synth_reg_w_init.vhd</spirit:name>
        <spirit:fileType>vhdlSource</spirit:fileType>
        <spirit:logicalName>xil_defaultlib</spirit:logicalName>
      </spirit:file>
      <spirit:file>
        <spirit:name>hdl/srl17e.vhd</spirit:name>
        <spirit:fileType>vhdlSource</spirit:fileType>
        <spirit:logicalName>xil_defaultlib</spirit:logicalName>
      </spirit:file>
      <spirit:file>
        <spirit:name>hdl/srl33e.vhd</spirit:name>
        <spirit:fileType>vhdlSource</spirit:fileType>
        <spirit:logicalName>xil_defaultlib</spirit:logicalName>
      </spirit:file>
      <spirit:file>
        <spirit:name>hdl/synth_reg_reg.vhd</spirit:name>
        <spirit:fileType>vhdlSource</spirit:fileType>
        <spirit:logicalName>xil_defaultlib</spirit:logicalName>
      </spirit:file>
      <spirit:file>
        <spirit:name>hdl/single_reg_w_init.vhd</spirit:name>
        <spirit:fileType>vhdlSource</spirit:fileType>
        <spirit:logicalName>xil_defaultlib</spirit:logicalName>
      </spirit:file>
      <spirit:file>
        <spirit:name>hdl/xlclockdriver_rd.vhd</spirit:name>
        <spirit:fileType>vhdlSource</spirit:fileType>
        <spirit:logicalName>xil_defaultlib</spirit:logicalName>
      </spirit:file>
      <spirit:file>
        <spirit:name>hdl/pfb_fir_4096c_16i_core_entity_declarations.vhd</spirit:name>
        <spirit:fileType>vhdlSource</spirit:fileType>
        <spirit:logicalName>xil_defaultlib</spirit:logicalName>
      </spirit:file>
      <spirit:file>
        <spirit:name>hdl/pfb_fir_4096c_16i_core.vhd</spirit:name>
        <spirit:fileType>vhdlSource</spirit:fileType>
        <spirit:userFileType>CHECKSUM_70d80b09</spirit:userFileType>
        <spirit:logicalName>xil_defaultlib</spirit:logicalName>
      </spirit:file>
    </spirit:fileSet>
    <spirit:fileSet>
      <spirit:name>xilinx_vhdlbehavioralsimulation_view_fileset</spirit:name>
      <spirit:file>
        <spirit:name>pfb_fir_4096c_16i_core_blk_mem_gen_v8_3_i0/pfb_fir_4096c_16i_core_blk_mem_gen_v8_3_i0.xci</spirit:name>
        <spirit:userFileType>xci</spirit:userFileType>
      </spirit:file>
      <spirit:file>
        <spirit:name>pfb_fir_4096c_16i_core_blk_mem_gen_v8_3_i1/pfb_fir_4096c_16i_core_blk_mem_gen_v8_3_i1.xci</spirit:name>
        <spirit:userFileType>xci</spirit:userFileType>
      </spirit:file>
      <spirit:file>
        <spirit:name>pfb_fir_4096c_16i_core_blk_mem_gen_v8_3_i10/pfb_fir_4096c_16i_core_blk_mem_gen_v8_3_i10.xci</spirit:name>
        <spirit:userFileType>xci</spirit:userFileType>
      </spirit:file>
      <spirit:file>
        <spirit:name>pfb_fir_4096c_16i_core_blk_mem_gen_v8_3_i11/pfb_fir_4096c_16i_core_blk_mem_gen_v8_3_i11.xci</spirit:name>
        <spirit:userFileType>xci</spirit:userFileType>
      </spirit:file>
      <spirit:file>
        <spirit:name>pfb_fir_4096c_16i_core_blk_mem_gen_v8_3_i12/pfb_fir_4096c_16i_core_blk_mem_gen_v8_3_i12.xci</spirit:name>
        <spirit:userFileType>xci</spirit:userFileType>
      </spirit:file>
      <spirit:file>
        <spirit:name>pfb_fir_4096c_16i_core_blk_mem_gen_v8_3_i13/pfb_fir_4096c_16i_core_blk_mem_gen_v8_3_i13.xci</spirit:name>
        <spirit:userFileType>xci</spirit:userFileType>
      </spirit:file>
      <spirit:file>
        <spirit:name>pfb_fir_4096c_16i_core_blk_mem_gen_v8_3_i14/pfb_fir_4096c_16i_core_blk_mem_gen_v8_3_i14.xci</spirit:name>
        <spirit:userFileType>xci</spirit:userFileType>
      </spirit:file>
      <spirit:file>
        <spirit:name>pfb_fir_4096c_16i_core_blk_mem_gen_v8_3_i15/pfb_fir_4096c_16i_core_blk_mem_gen_v8_3_i15.xci</spirit:name>
        <spirit:userFileType>xci</spirit:userFileType>
      </spirit:file>
      <spirit:file>
        <spirit:name>pfb_fir_4096c_16i_core_blk_mem_gen_v8_3_i16/pfb_fir_4096c_16i_core_blk_mem_gen_v8_3_i16.xci</spirit:name>
        <spirit:userFileType>xci</spirit:userFileType>
      </spirit:file>
      <spirit:file>
        <spirit:name>pfb_fir_4096c_16i_core_blk_mem_gen_v8_3_i17/pfb_fir_4096c_16i_core_blk_mem_gen_v8_3_i17.xci</spirit:name>
        <spirit:userFileType>xci</spirit:userFileType>
      </spirit:file>
      <spirit:file>
        <spirit:name>pfb_fir_4096c_16i_core_blk_mem_gen_v8_3_i18/pfb_fir_4096c_16i_core_blk_mem_gen_v8_3_i18.xci</spirit:name>
        <spirit:userFileType>xci</spirit:userFileType>
      </spirit:file>
      <spirit:file>
        <spirit:name>pfb_fir_4096c_16i_core_blk_mem_gen_v8_3_i19/pfb_fir_4096c_16i_core_blk_mem_gen_v8_3_i19.xci</spirit:name>
        <spirit:userFileType>xci</spirit:userFileType>
      </spirit:file>
      <spirit:file>
        <spirit:name>pfb_fir_4096c_16i_core_blk_mem_gen_v8_3_i2/pfb_fir_4096c_16i_core_blk_mem_gen_v8_3_i2.xci</spirit:name>
        <spirit:userFileType>xci</spirit:userFileType>
      </spirit:file>
      <spirit:file>
        <spirit:name>pfb_fir_4096c_16i_core_blk_mem_gen_v8_3_i20/pfb_fir_4096c_16i_core_blk_mem_gen_v8_3_i20.xci</spirit:name>
        <spirit:userFileType>xci</spirit:userFileType>
      </spirit:file>
      <spirit:file>
        <spirit:name>pfb_fir_4096c_16i_core_blk_mem_gen_v8_3_i21/pfb_fir_4096c_16i_core_blk_mem_gen_v8_3_i21.xci</spirit:name>
        <spirit:userFileType>xci</spirit:userFileType>
      </spirit:file>
      <spirit:file>
        <spirit:name>pfb_fir_4096c_16i_core_blk_mem_gen_v8_3_i22/pfb_fir_4096c_16i_core_blk_mem_gen_v8_3_i22.xci</spirit:name>
        <spirit:userFileType>xci</spirit:userFileType>
      </spirit:file>
      <spirit:file>
        <spirit:name>pfb_fir_4096c_16i_core_blk_mem_gen_v8_3_i23/pfb_fir_4096c_16i_core_blk_mem_gen_v8_3_i23.xci</spirit:name>
        <spirit:userFileType>xci</spirit:userFileType>
      </spirit:file>
      <spirit:file>
        <spirit:name>pfb_fir_4096c_16i_core_blk_mem_gen_v8_3_i24/pfb_fir_4096c_16i_core_blk_mem_gen_v8_3_i24.xci</spirit:name>
        <spirit:userFileType>xci</spirit:userFileType>
      </spirit:file>
      <spirit:file>
        <spirit:name>pfb_fir_4096c_16i_core_blk_mem_gen_v8_3_i25/pfb_fir_4096c_16i_core_blk_mem_gen_v8_3_i25.xci</spirit:name>
        <spirit:userFileType>xci</spirit:userFileType>
      </spirit:file>
      <spirit:file>
        <spirit:name>pfb_fir_4096c_16i_core_blk_mem_gen_v8_3_i26/pfb_fir_4096c_16i_core_blk_mem_gen_v8_3_i26.xci</spirit:name>
        <spirit:userFileType>xci</spirit:userFileType>
      </spirit:file>
      <spirit:file>
        <spirit:name>pfb_fir_4096c_16i_core_blk_mem_gen_v8_3_i27/pfb_fir_4096c_16i_core_blk_mem_gen_v8_3_i27.xci</spirit:name>
        <spirit:userFileType>xci</spirit:userFileType>
      </spirit:file>
      <spirit:file>
        <spirit:name>pfb_fir_4096c_16i_core_blk_mem_gen_v8_3_i28/pfb_fir_4096c_16i_core_blk_mem_gen_v8_3_i28.xci</spirit:name>
        <spirit:userFileType>xci</spirit:userFileType>
      </spirit:file>
      <spirit:file>
        <spirit:name>pfb_fir_4096c_16i_core_blk_mem_gen_v8_3_i29/pfb_fir_4096c_16i_core_blk_mem_gen_v8_3_i29.xci</spirit:name>
        <spirit:userFileType>xci</spirit:userFileType>
      </spirit:file>
      <spirit:file>
        <spirit:name>pfb_fir_4096c_16i_core_blk_mem_gen_v8_3_i3/pfb_fir_4096c_16i_core_blk_mem_gen_v8_3_i3.xci</spirit:name>
        <spirit:userFileType>xci</spirit:userFileType>
      </spirit:file>
      <spirit:file>
        <spirit:name>pfb_fir_4096c_16i_core_blk_mem_gen_v8_3_i30/pfb_fir_4096c_16i_core_blk_mem_gen_v8_3_i30.xci</spirit:name>
        <spirit:userFileType>xci</spirit:userFileType>
      </spirit:file>
      <spirit:file>
        <spirit:name>pfb_fir_4096c_16i_core_blk_mem_gen_v8_3_i31/pfb_fir_4096c_16i_core_blk_mem_gen_v8_3_i31.xci</spirit:name>
        <spirit:userFileType>xci</spirit:userFileType>
      </spirit:file>
      <spirit:file>
        <spirit:name>pfb_fir_4096c_16i_core_blk_mem_gen_v8_3_i32/pfb_fir_4096c_16i_core_blk_mem_gen_v8_3_i32.xci</spirit:name>
        <spirit:userFileType>xci</spirit:userFileType>
      </spirit:file>
      <spirit:file>
        <spirit:name>pfb_fir_4096c_16i_core_blk_mem_gen_v8_3_i33/pfb_fir_4096c_16i_core_blk_mem_gen_v8_3_i33.xci</spirit:name>
        <spirit:userFileType>xci</spirit:userFileType>
      </spirit:file>
      <spirit:file>
        <spirit:name>pfb_fir_4096c_16i_core_blk_mem_gen_v8_3_i34/pfb_fir_4096c_16i_core_blk_mem_gen_v8_3_i34.xci</spirit:name>
        <spirit:userFileType>xci</spirit:userFileType>
      </spirit:file>
      <spirit:file>
        <spirit:name>pfb_fir_4096c_16i_core_blk_mem_gen_v8_3_i35/pfb_fir_4096c_16i_core_blk_mem_gen_v8_3_i35.xci</spirit:name>
        <spirit:userFileType>xci</spirit:userFileType>
      </spirit:file>
      <spirit:file>
        <spirit:name>pfb_fir_4096c_16i_core_blk_mem_gen_v8_3_i36/pfb_fir_4096c_16i_core_blk_mem_gen_v8_3_i36.xci</spirit:name>
        <spirit:userFileType>xci</spirit:userFileType>
      </spirit:file>
      <spirit:file>
        <spirit:name>pfb_fir_4096c_16i_core_blk_mem_gen_v8_3_i37/pfb_fir_4096c_16i_core_blk_mem_gen_v8_3_i37.xci</spirit:name>
        <spirit:userFileType>xci</spirit:userFileType>
      </spirit:file>
      <spirit:file>
        <spirit:name>pfb_fir_4096c_16i_core_blk_mem_gen_v8_3_i38/pfb_fir_4096c_16i_core_blk_mem_gen_v8_3_i38.xci</spirit:name>
        <spirit:userFileType>xci</spirit:userFileType>
      </spirit:file>
      <spirit:file>
        <spirit:name>pfb_fir_4096c_16i_core_blk_mem_gen_v8_3_i39/pfb_fir_4096c_16i_core_blk_mem_gen_v8_3_i39.xci</spirit:name>
        <spirit:userFileType>xci</spirit:userFileType>
      </spirit:file>
      <spirit:file>
        <spirit:name>pfb_fir_4096c_16i_core_blk_mem_gen_v8_3_i4/pfb_fir_4096c_16i_core_blk_mem_gen_v8_3_i4.xci</spirit:name>
        <spirit:userFileType>xci</spirit:userFileType>
      </spirit:file>
      <spirit:file>
        <spirit:name>pfb_fir_4096c_16i_core_blk_mem_gen_v8_3_i40/pfb_fir_4096c_16i_core_blk_mem_gen_v8_3_i40.xci</spirit:name>
        <spirit:userFileType>xci</spirit:userFileType>
      </spirit:file>
      <spirit:file>
        <spirit:name>pfb_fir_4096c_16i_core_blk_mem_gen_v8_3_i41/pfb_fir_4096c_16i_core_blk_mem_gen_v8_3_i41.xci</spirit:name>
        <spirit:userFileType>xci</spirit:userFileType>
      </spirit:file>
      <spirit:file>
        <spirit:name>pfb_fir_4096c_16i_core_blk_mem_gen_v8_3_i42/pfb_fir_4096c_16i_core_blk_mem_gen_v8_3_i42.xci</spirit:name>
        <spirit:userFileType>xci</spirit:userFileType>
      </spirit:file>
      <spirit:file>
        <spirit:name>pfb_fir_4096c_16i_core_blk_mem_gen_v8_3_i43/pfb_fir_4096c_16i_core_blk_mem_gen_v8_3_i43.xci</spirit:name>
        <spirit:userFileType>xci</spirit:userFileType>
      </spirit:file>
      <spirit:file>
        <spirit:name>pfb_fir_4096c_16i_core_blk_mem_gen_v8_3_i44/pfb_fir_4096c_16i_core_blk_mem_gen_v8_3_i44.xci</spirit:name>
        <spirit:userFileType>xci</spirit:userFileType>
      </spirit:file>
      <spirit:file>
        <spirit:name>pfb_fir_4096c_16i_core_blk_mem_gen_v8_3_i45/pfb_fir_4096c_16i_core_blk_mem_gen_v8_3_i45.xci</spirit:name>
        <spirit:userFileType>xci</spirit:userFileType>
      </spirit:file>
      <spirit:file>
        <spirit:name>pfb_fir_4096c_16i_core_blk_mem_gen_v8_3_i46/pfb_fir_4096c_16i_core_blk_mem_gen_v8_3_i46.xci</spirit:name>
        <spirit:userFileType>xci</spirit:userFileType>
      </spirit:file>
      <spirit:file>
        <spirit:name>pfb_fir_4096c_16i_core_blk_mem_gen_v8_3_i47/pfb_fir_4096c_16i_core_blk_mem_gen_v8_3_i47.xci</spirit:name>
        <spirit:userFileType>xci</spirit:userFileType>
      </spirit:file>
      <spirit:file>
        <spirit:name>pfb_fir_4096c_16i_core_blk_mem_gen_v8_3_i48/pfb_fir_4096c_16i_core_blk_mem_gen_v8_3_i48.xci</spirit:name>
        <spirit:userFileType>xci</spirit:userFileType>
      </spirit:file>
      <spirit:file>
        <spirit:name>pfb_fir_4096c_16i_core_blk_mem_gen_v8_3_i49/pfb_fir_4096c_16i_core_blk_mem_gen_v8_3_i49.xci</spirit:name>
        <spirit:userFileType>xci</spirit:userFileType>
      </spirit:file>
      <spirit:file>
        <spirit:name>pfb_fir_4096c_16i_core_blk_mem_gen_v8_3_i5/pfb_fir_4096c_16i_core_blk_mem_gen_v8_3_i5.xci</spirit:name>
        <spirit:userFileType>xci</spirit:userFileType>
      </spirit:file>
      <spirit:file>
        <spirit:name>pfb_fir_4096c_16i_core_blk_mem_gen_v8_3_i50/pfb_fir_4096c_16i_core_blk_mem_gen_v8_3_i50.xci</spirit:name>
        <spirit:userFileType>xci</spirit:userFileType>
      </spirit:file>
      <spirit:file>
        <spirit:name>pfb_fir_4096c_16i_core_blk_mem_gen_v8_3_i51/pfb_fir_4096c_16i_core_blk_mem_gen_v8_3_i51.xci</spirit:name>
        <spirit:userFileType>xci</spirit:userFileType>
      </spirit:file>
      <spirit:file>
        <spirit:name>pfb_fir_4096c_16i_core_blk_mem_gen_v8_3_i52/pfb_fir_4096c_16i_core_blk_mem_gen_v8_3_i52.xci</spirit:name>
        <spirit:userFileType>xci</spirit:userFileType>
      </spirit:file>
      <spirit:file>
        <spirit:name>pfb_fir_4096c_16i_core_blk_mem_gen_v8_3_i53/pfb_fir_4096c_16i_core_blk_mem_gen_v8_3_i53.xci</spirit:name>
        <spirit:userFileType>xci</spirit:userFileType>
      </spirit:file>
      <spirit:file>
        <spirit:name>pfb_fir_4096c_16i_core_blk_mem_gen_v8_3_i54/pfb_fir_4096c_16i_core_blk_mem_gen_v8_3_i54.xci</spirit:name>
        <spirit:userFileType>xci</spirit:userFileType>
      </spirit:file>
      <spirit:file>
        <spirit:name>pfb_fir_4096c_16i_core_blk_mem_gen_v8_3_i55/pfb_fir_4096c_16i_core_blk_mem_gen_v8_3_i55.xci</spirit:name>
        <spirit:userFileType>xci</spirit:userFileType>
      </spirit:file>
      <spirit:file>
        <spirit:name>pfb_fir_4096c_16i_core_blk_mem_gen_v8_3_i56/pfb_fir_4096c_16i_core_blk_mem_gen_v8_3_i56.xci</spirit:name>
        <spirit:userFileType>xci</spirit:userFileType>
      </spirit:file>
      <spirit:file>
        <spirit:name>pfb_fir_4096c_16i_core_blk_mem_gen_v8_3_i57/pfb_fir_4096c_16i_core_blk_mem_gen_v8_3_i57.xci</spirit:name>
        <spirit:userFileType>xci</spirit:userFileType>
      </spirit:file>
      <spirit:file>
        <spirit:name>pfb_fir_4096c_16i_core_blk_mem_gen_v8_3_i58/pfb_fir_4096c_16i_core_blk_mem_gen_v8_3_i58.xci</spirit:name>
        <spirit:userFileType>xci</spirit:userFileType>
      </spirit:file>
      <spirit:file>
        <spirit:name>pfb_fir_4096c_16i_core_blk_mem_gen_v8_3_i59/pfb_fir_4096c_16i_core_blk_mem_gen_v8_3_i59.xci</spirit:name>
        <spirit:userFileType>xci</spirit:userFileType>
      </spirit:file>
      <spirit:file>
        <spirit:name>pfb_fir_4096c_16i_core_blk_mem_gen_v8_3_i6/pfb_fir_4096c_16i_core_blk_mem_gen_v8_3_i6.xci</spirit:name>
        <spirit:userFileType>xci</spirit:userFileType>
      </spirit:file>
      <spirit:file>
        <spirit:name>pfb_fir_4096c_16i_core_blk_mem_gen_v8_3_i60/pfb_fir_4096c_16i_core_blk_mem_gen_v8_3_i60.xci</spirit:name>
        <spirit:userFileType>xci</spirit:userFileType>
      </spirit:file>
      <spirit:file>
        <spirit:name>pfb_fir_4096c_16i_core_blk_mem_gen_v8_3_i61/pfb_fir_4096c_16i_core_blk_mem_gen_v8_3_i61.xci</spirit:name>
        <spirit:userFileType>xci</spirit:userFileType>
      </spirit:file>
      <spirit:file>
        <spirit:name>pfb_fir_4096c_16i_core_blk_mem_gen_v8_3_i62/pfb_fir_4096c_16i_core_blk_mem_gen_v8_3_i62.xci</spirit:name>
        <spirit:userFileType>xci</spirit:userFileType>
      </spirit:file>
      <spirit:file>
        <spirit:name>pfb_fir_4096c_16i_core_blk_mem_gen_v8_3_i63/pfb_fir_4096c_16i_core_blk_mem_gen_v8_3_i63.xci</spirit:name>
        <spirit:userFileType>xci</spirit:userFileType>
      </spirit:file>
      <spirit:file>
        <spirit:name>pfb_fir_4096c_16i_core_blk_mem_gen_v8_3_i64/pfb_fir_4096c_16i_core_blk_mem_gen_v8_3_i64.xci</spirit:name>
        <spirit:userFileType>xci</spirit:userFileType>
      </spirit:file>
      <spirit:file>
        <spirit:name>pfb_fir_4096c_16i_core_blk_mem_gen_v8_3_i65/pfb_fir_4096c_16i_core_blk_mem_gen_v8_3_i65.xci</spirit:name>
        <spirit:userFileType>xci</spirit:userFileType>
      </spirit:file>
      <spirit:file>
        <spirit:name>pfb_fir_4096c_16i_core_blk_mem_gen_v8_3_i7/pfb_fir_4096c_16i_core_blk_mem_gen_v8_3_i7.xci</spirit:name>
        <spirit:userFileType>xci</spirit:userFileType>
      </spirit:file>
      <spirit:file>
        <spirit:name>pfb_fir_4096c_16i_core_blk_mem_gen_v8_3_i8/pfb_fir_4096c_16i_core_blk_mem_gen_v8_3_i8.xci</spirit:name>
        <spirit:userFileType>xci</spirit:userFileType>
      </spirit:file>
      <spirit:file>
        <spirit:name>pfb_fir_4096c_16i_core_blk_mem_gen_v8_3_i9/pfb_fir_4096c_16i_core_blk_mem_gen_v8_3_i9.xci</spirit:name>
        <spirit:userFileType>xci</spirit:userFileType>
      </spirit:file>
      <spirit:file>
        <spirit:name>pfb_fir_4096c_16i_core_c_addsub_v12_0_i0/pfb_fir_4096c_16i_core_c_addsub_v12_0_i0.xci</spirit:name>
        <spirit:userFileType>xci</spirit:userFileType>
      </spirit:file>
      <spirit:file>
        <spirit:name>pfb_fir_4096c_16i_core_c_counter_binary_v12_0_i0/pfb_fir_4096c_16i_core_c_counter_binary_v12_0_i0.xci</spirit:name>
        <spirit:userFileType>xci</spirit:userFileType>
      </spirit:file>
      <spirit:file>
        <spirit:name>pfb_fir_4096c_16i_core_c_counter_binary_v12_0_i1/pfb_fir_4096c_16i_core_c_counter_binary_v12_0_i1.xci</spirit:name>
        <spirit:userFileType>xci</spirit:userFileType>
      </spirit:file>
      <spirit:file>
        <spirit:name>pfb_fir_4096c_16i_core_c_counter_binary_v12_0_i2/pfb_fir_4096c_16i_core_c_counter_binary_v12_0_i2.xci</spirit:name>
        <spirit:userFileType>xci</spirit:userFileType>
      </spirit:file>
      <spirit:file>
        <spirit:name>pfb_fir_4096c_16i_core_blk_mem_gen_v8_3_i0_vivado.coe</spirit:name>
        <spirit:userFileType>coe</spirit:userFileType>
      </spirit:file>
      <spirit:file>
        <spirit:name>pfb_fir_4096c_16i_core_blk_mem_gen_v8_3_i1_vivado.coe</spirit:name>
        <spirit:userFileType>coe</spirit:userFileType>
      </spirit:file>
      <spirit:file>
        <spirit:name>pfb_fir_4096c_16i_core_blk_mem_gen_v8_3_i2_vivado.coe</spirit:name>
        <spirit:userFileType>coe</spirit:userFileType>
      </spirit:file>
      <spirit:file>
        <spirit:name>pfb_fir_4096c_16i_core_blk_mem_gen_v8_3_i3_vivado.coe</spirit:name>
        <spirit:userFileType>coe</spirit:userFileType>
      </spirit:file>
      <spirit:file>
        <spirit:name>pfb_fir_4096c_16i_core_blk_mem_gen_v8_3_i4_vivado.coe</spirit:name>
        <spirit:userFileType>coe</spirit:userFileType>
      </spirit:file>
      <spirit:file>
        <spirit:name>pfb_fir_4096c_16i_core_blk_mem_gen_v8_3_i5_vivado.coe</spirit:name>
        <spirit:userFileType>coe</spirit:userFileType>
      </spirit:file>
      <spirit:file>
        <spirit:name>pfb_fir_4096c_16i_core_blk_mem_gen_v8_3_i6_vivado.coe</spirit:name>
        <spirit:userFileType>coe</spirit:userFileType>
      </spirit:file>
      <spirit:file>
        <spirit:name>pfb_fir_4096c_16i_core_blk_mem_gen_v8_3_i7_vivado.coe</spirit:name>
        <spirit:userFileType>coe</spirit:userFileType>
      </spirit:file>
      <spirit:file>
        <spirit:name>pfb_fir_4096c_16i_core_blk_mem_gen_v8_3_i8_vivado.coe</spirit:name>
        <spirit:userFileType>coe</spirit:userFileType>
      </spirit:file>
      <spirit:file>
        <spirit:name>pfb_fir_4096c_16i_core_blk_mem_gen_v8_3_i9_vivado.coe</spirit:name>
        <spirit:userFileType>coe</spirit:userFileType>
      </spirit:file>
      <spirit:file>
        <spirit:name>pfb_fir_4096c_16i_core_blk_mem_gen_v8_3_i10_vivado.coe</spirit:name>
        <spirit:userFileType>coe</spirit:userFileType>
      </spirit:file>
      <spirit:file>
        <spirit:name>pfb_fir_4096c_16i_core_blk_mem_gen_v8_3_i11_vivado.coe</spirit:name>
        <spirit:userFileType>coe</spirit:userFileType>
      </spirit:file>
      <spirit:file>
        <spirit:name>pfb_fir_4096c_16i_core_blk_mem_gen_v8_3_i12_vivado.coe</spirit:name>
        <spirit:userFileType>coe</spirit:userFileType>
      </spirit:file>
      <spirit:file>
        <spirit:name>pfb_fir_4096c_16i_core_blk_mem_gen_v8_3_i13_vivado.coe</spirit:name>
        <spirit:userFileType>coe</spirit:userFileType>
      </spirit:file>
      <spirit:file>
        <spirit:name>pfb_fir_4096c_16i_core_blk_mem_gen_v8_3_i14_vivado.coe</spirit:name>
        <spirit:userFileType>coe</spirit:userFileType>
      </spirit:file>
      <spirit:file>
        <spirit:name>pfb_fir_4096c_16i_core_blk_mem_gen_v8_3_i15_vivado.coe</spirit:name>
        <spirit:userFileType>coe</spirit:userFileType>
      </spirit:file>
      <spirit:file>
        <spirit:name>pfb_fir_4096c_16i_core_blk_mem_gen_v8_3_i16_vivado.coe</spirit:name>
        <spirit:userFileType>coe</spirit:userFileType>
      </spirit:file>
      <spirit:file>
        <spirit:name>pfb_fir_4096c_16i_core_blk_mem_gen_v8_3_i17_vivado.coe</spirit:name>
        <spirit:userFileType>coe</spirit:userFileType>
      </spirit:file>
      <spirit:file>
        <spirit:name>pfb_fir_4096c_16i_core_blk_mem_gen_v8_3_i18_vivado.coe</spirit:name>
        <spirit:userFileType>coe</spirit:userFileType>
      </spirit:file>
      <spirit:file>
        <spirit:name>pfb_fir_4096c_16i_core_blk_mem_gen_v8_3_i19_vivado.coe</spirit:name>
        <spirit:userFileType>coe</spirit:userFileType>
      </spirit:file>
      <spirit:file>
        <spirit:name>pfb_fir_4096c_16i_core_blk_mem_gen_v8_3_i20_vivado.coe</spirit:name>
        <spirit:userFileType>coe</spirit:userFileType>
      </spirit:file>
      <spirit:file>
        <spirit:name>pfb_fir_4096c_16i_core_blk_mem_gen_v8_3_i21_vivado.coe</spirit:name>
        <spirit:userFileType>coe</spirit:userFileType>
      </spirit:file>
      <spirit:file>
        <spirit:name>pfb_fir_4096c_16i_core_blk_mem_gen_v8_3_i22_vivado.coe</spirit:name>
        <spirit:userFileType>coe</spirit:userFileType>
      </spirit:file>
      <spirit:file>
        <spirit:name>pfb_fir_4096c_16i_core_blk_mem_gen_v8_3_i23_vivado.coe</spirit:name>
        <spirit:userFileType>coe</spirit:userFileType>
      </spirit:file>
      <spirit:file>
        <spirit:name>pfb_fir_4096c_16i_core_blk_mem_gen_v8_3_i24_vivado.coe</spirit:name>
        <spirit:userFileType>coe</spirit:userFileType>
      </spirit:file>
      <spirit:file>
        <spirit:name>pfb_fir_4096c_16i_core_blk_mem_gen_v8_3_i25_vivado.coe</spirit:name>
        <spirit:userFileType>coe</spirit:userFileType>
      </spirit:file>
      <spirit:file>
        <spirit:name>pfb_fir_4096c_16i_core_blk_mem_gen_v8_3_i26_vivado.coe</spirit:name>
        <spirit:userFileType>coe</spirit:userFileType>
      </spirit:file>
      <spirit:file>
        <spirit:name>pfb_fir_4096c_16i_core_blk_mem_gen_v8_3_i27_vivado.coe</spirit:name>
        <spirit:userFileType>coe</spirit:userFileType>
      </spirit:file>
      <spirit:file>
        <spirit:name>pfb_fir_4096c_16i_core_blk_mem_gen_v8_3_i28_vivado.coe</spirit:name>
        <spirit:userFileType>coe</spirit:userFileType>
      </spirit:file>
      <spirit:file>
        <spirit:name>pfb_fir_4096c_16i_core_blk_mem_gen_v8_3_i29_vivado.coe</spirit:name>
        <spirit:userFileType>coe</spirit:userFileType>
      </spirit:file>
      <spirit:file>
        <spirit:name>pfb_fir_4096c_16i_core_blk_mem_gen_v8_3_i30_vivado.coe</spirit:name>
        <spirit:userFileType>coe</spirit:userFileType>
      </spirit:file>
      <spirit:file>
        <spirit:name>pfb_fir_4096c_16i_core_blk_mem_gen_v8_3_i31_vivado.coe</spirit:name>
        <spirit:userFileType>coe</spirit:userFileType>
      </spirit:file>
      <spirit:file>
        <spirit:name>pfb_fir_4096c_16i_core_blk_mem_gen_v8_3_i32_vivado.coe</spirit:name>
        <spirit:userFileType>coe</spirit:userFileType>
      </spirit:file>
      <spirit:file>
        <spirit:name>pfb_fir_4096c_16i_core_blk_mem_gen_v8_3_i33_vivado.coe</spirit:name>
        <spirit:userFileType>coe</spirit:userFileType>
      </spirit:file>
      <spirit:file>
        <spirit:name>pfb_fir_4096c_16i_core_blk_mem_gen_v8_3_i34_vivado.coe</spirit:name>
        <spirit:userFileType>coe</spirit:userFileType>
      </spirit:file>
      <spirit:file>
        <spirit:name>pfb_fir_4096c_16i_core_blk_mem_gen_v8_3_i35_vivado.coe</spirit:name>
        <spirit:userFileType>coe</spirit:userFileType>
      </spirit:file>
      <spirit:file>
        <spirit:name>pfb_fir_4096c_16i_core_blk_mem_gen_v8_3_i36_vivado.coe</spirit:name>
        <spirit:userFileType>coe</spirit:userFileType>
      </spirit:file>
      <spirit:file>
        <spirit:name>pfb_fir_4096c_16i_core_blk_mem_gen_v8_3_i37_vivado.coe</spirit:name>
        <spirit:userFileType>coe</spirit:userFileType>
      </spirit:file>
      <spirit:file>
        <spirit:name>pfb_fir_4096c_16i_core_blk_mem_gen_v8_3_i38_vivado.coe</spirit:name>
        <spirit:userFileType>coe</spirit:userFileType>
      </spirit:file>
      <spirit:file>
        <spirit:name>pfb_fir_4096c_16i_core_blk_mem_gen_v8_3_i39_vivado.coe</spirit:name>
        <spirit:userFileType>coe</spirit:userFileType>
      </spirit:file>
      <spirit:file>
        <spirit:name>pfb_fir_4096c_16i_core_blk_mem_gen_v8_3_i40_vivado.coe</spirit:name>
        <spirit:userFileType>coe</spirit:userFileType>
      </spirit:file>
      <spirit:file>
        <spirit:name>pfb_fir_4096c_16i_core_blk_mem_gen_v8_3_i41_vivado.coe</spirit:name>
        <spirit:userFileType>coe</spirit:userFileType>
      </spirit:file>
      <spirit:file>
        <spirit:name>pfb_fir_4096c_16i_core_blk_mem_gen_v8_3_i42_vivado.coe</spirit:name>
        <spirit:userFileType>coe</spirit:userFileType>
      </spirit:file>
      <spirit:file>
        <spirit:name>pfb_fir_4096c_16i_core_blk_mem_gen_v8_3_i43_vivado.coe</spirit:name>
        <spirit:userFileType>coe</spirit:userFileType>
      </spirit:file>
      <spirit:file>
        <spirit:name>pfb_fir_4096c_16i_core_blk_mem_gen_v8_3_i44_vivado.coe</spirit:name>
        <spirit:userFileType>coe</spirit:userFileType>
      </spirit:file>
      <spirit:file>
        <spirit:name>pfb_fir_4096c_16i_core_blk_mem_gen_v8_3_i45_vivado.coe</spirit:name>
        <spirit:userFileType>coe</spirit:userFileType>
      </spirit:file>
      <spirit:file>
        <spirit:name>pfb_fir_4096c_16i_core_blk_mem_gen_v8_3_i46_vivado.coe</spirit:name>
        <spirit:userFileType>coe</spirit:userFileType>
      </spirit:file>
      <spirit:file>
        <spirit:name>pfb_fir_4096c_16i_core_blk_mem_gen_v8_3_i47_vivado.coe</spirit:name>
        <spirit:userFileType>coe</spirit:userFileType>
      </spirit:file>
      <spirit:file>
        <spirit:name>pfb_fir_4096c_16i_core_blk_mem_gen_v8_3_i48_vivado.coe</spirit:name>
        <spirit:userFileType>coe</spirit:userFileType>
      </spirit:file>
      <spirit:file>
        <spirit:name>pfb_fir_4096c_16i_core_blk_mem_gen_v8_3_i49_vivado.coe</spirit:name>
        <spirit:userFileType>coe</spirit:userFileType>
      </spirit:file>
      <spirit:file>
        <spirit:name>pfb_fir_4096c_16i_core_blk_mem_gen_v8_3_i50_vivado.coe</spirit:name>
        <spirit:userFileType>coe</spirit:userFileType>
      </spirit:file>
      <spirit:file>
        <spirit:name>pfb_fir_4096c_16i_core_blk_mem_gen_v8_3_i51_vivado.coe</spirit:name>
        <spirit:userFileType>coe</spirit:userFileType>
      </spirit:file>
      <spirit:file>
        <spirit:name>pfb_fir_4096c_16i_core_blk_mem_gen_v8_3_i52_vivado.coe</spirit:name>
        <spirit:userFileType>coe</spirit:userFileType>
      </spirit:file>
      <spirit:file>
        <spirit:name>pfb_fir_4096c_16i_core_blk_mem_gen_v8_3_i53_vivado.coe</spirit:name>
        <spirit:userFileType>coe</spirit:userFileType>
      </spirit:file>
      <spirit:file>
        <spirit:name>pfb_fir_4096c_16i_core_blk_mem_gen_v8_3_i54_vivado.coe</spirit:name>
        <spirit:userFileType>coe</spirit:userFileType>
      </spirit:file>
      <spirit:file>
        <spirit:name>pfb_fir_4096c_16i_core_blk_mem_gen_v8_3_i55_vivado.coe</spirit:name>
        <spirit:userFileType>coe</spirit:userFileType>
      </spirit:file>
      <spirit:file>
        <spirit:name>pfb_fir_4096c_16i_core_blk_mem_gen_v8_3_i56_vivado.coe</spirit:name>
        <spirit:userFileType>coe</spirit:userFileType>
      </spirit:file>
      <spirit:file>
        <spirit:name>pfb_fir_4096c_16i_core_blk_mem_gen_v8_3_i57_vivado.coe</spirit:name>
        <spirit:userFileType>coe</spirit:userFileType>
      </spirit:file>
      <spirit:file>
        <spirit:name>pfb_fir_4096c_16i_core_blk_mem_gen_v8_3_i58_vivado.coe</spirit:name>
        <spirit:userFileType>coe</spirit:userFileType>
      </spirit:file>
      <spirit:file>
        <spirit:name>pfb_fir_4096c_16i_core_blk_mem_gen_v8_3_i59_vivado.coe</spirit:name>
        <spirit:userFileType>coe</spirit:userFileType>
      </spirit:file>
      <spirit:file>
        <spirit:name>pfb_fir_4096c_16i_core_blk_mem_gen_v8_3_i60_vivado.coe</spirit:name>
        <spirit:userFileType>coe</spirit:userFileType>
      </spirit:file>
      <spirit:file>
        <spirit:name>pfb_fir_4096c_16i_core_blk_mem_gen_v8_3_i61_vivado.coe</spirit:name>
        <spirit:userFileType>coe</spirit:userFileType>
      </spirit:file>
      <spirit:file>
        <spirit:name>pfb_fir_4096c_16i_core_blk_mem_gen_v8_3_i62_vivado.coe</spirit:name>
        <spirit:userFileType>coe</spirit:userFileType>
      </spirit:file>
      <spirit:file>
        <spirit:name>pfb_fir_4096c_16i_core_blk_mem_gen_v8_3_i63_vivado.coe</spirit:name>
        <spirit:userFileType>coe</spirit:userFileType>
      </spirit:file>
      <spirit:file>
        <spirit:name>pfb_fir_4096c_16i_core_blk_mem_gen_v8_3_i64_vivado.coe</spirit:name>
        <spirit:userFileType>coe</spirit:userFileType>
      </spirit:file>
      <spirit:file>
        <spirit:name>pfb_fir_4096c_16i_core_blk_mem_gen_v8_3_i65_vivado.coe</spirit:name>
        <spirit:userFileType>coe</spirit:userFileType>
      </spirit:file>
      <spirit:file>
        <spirit:name>hdl/conv_pkg.vhd</spirit:name>
        <spirit:fileType>vhdlSource</spirit:fileType>
        <spirit:userFileType>USED_IN_ipstatic</spirit:userFileType>
        <spirit:logicalName>xil_defaultlib</spirit:logicalName>
      </spirit:file>
      <spirit:file>
        <spirit:name>hdl/synth_reg.vhd</spirit:name>
        <spirit:fileType>vhdlSource</spirit:fileType>
        <spirit:userFileType>USED_IN_ipstatic</spirit:userFileType>
        <spirit:logicalName>xil_defaultlib</spirit:logicalName>
      </spirit:file>
      <spirit:file>
        <spirit:name>hdl/synth_reg_w_init.vhd</spirit:name>
        <spirit:fileType>vhdlSource</spirit:fileType>
        <spirit:userFileType>USED_IN_ipstatic</spirit:userFileType>
        <spirit:logicalName>xil_defaultlib</spirit:logicalName>
      </spirit:file>
      <spirit:file>
        <spirit:name>hdl/srl17e.vhd</spirit:name>
        <spirit:fileType>vhdlSource</spirit:fileType>
        <spirit:userFileType>USED_IN_ipstatic</spirit:userFileType>
        <spirit:logicalName>xil_defaultlib</spirit:logicalName>
      </spirit:file>
      <spirit:file>
        <spirit:name>hdl/srl33e.vhd</spirit:name>
        <spirit:fileType>vhdlSource</spirit:fileType>
        <spirit:userFileType>USED_IN_ipstatic</spirit:userFileType>
        <spirit:logicalName>xil_defaultlib</spirit:logicalName>
      </spirit:file>
      <spirit:file>
        <spirit:name>hdl/synth_reg_reg.vhd</spirit:name>
        <spirit:fileType>vhdlSource</spirit:fileType>
        <spirit:userFileType>USED_IN_ipstatic</spirit:userFileType>
        <spirit:logicalName>xil_defaultlib</spirit:logicalName>
      </spirit:file>
      <spirit:file>
        <spirit:name>hdl/single_reg_w_init.vhd</spirit:name>
        <spirit:fileType>vhdlSource</spirit:fileType>
        <spirit:userFileType>USED_IN_ipstatic</spirit:userFileType>
        <spirit:logicalName>xil_defaultlib</spirit:logicalName>
      </spirit:file>
      <spirit:file>
        <spirit:name>hdl/xlclockdriver_rd.vhd</spirit:name>
        <spirit:fileType>vhdlSource</spirit:fileType>
        <spirit:userFileType>USED_IN_ipstatic</spirit:userFileType>
        <spirit:logicalName>xil_defaultlib</spirit:logicalName>
      </spirit:file>
      <spirit:file>
        <spirit:name>hdl/pfb_fir_4096c_16i_core_entity_declarations.vhd</spirit:name>
        <spirit:fileType>vhdlSource</spirit:fileType>
        <spirit:userFileType>USED_IN_ipstatic</spirit:userFileType>
        <spirit:logicalName>xil_defaultlib</spirit:logicalName>
      </spirit:file>
      <spirit:file>
        <spirit:name>hdl/pfb_fir_4096c_16i_core.vhd</spirit:name>
        <spirit:fileType>vhdlSource</spirit:fileType>
        <spirit:userFileType>USED_IN_ipstatic</spirit:userFileType>
        <spirit:logicalName>xil_defaultlib</spirit:logicalName>
      </spirit:file>
    </spirit:fileSet>
    <spirit:fileSet>
      <spirit:name>xilinx_xpgui_view_fileset</spirit:name>
      <spirit:file>
        <spirit:name>xgui/pfb_fir_4096c_16i_core_v1_0.tcl</spirit:name>
        <spirit:fileType>tclSource</spirit:fileType>
        <spirit:userFileType>CHECKSUM_f92e9879</spirit:userFileType>
        <spirit:userFileType>XGUI_VERSION_2</spirit:userFileType>
      </spirit:file>
    </spirit:fileSet>
    <spirit:fileSet>
      <spirit:name>xilinx_utilityxitfiles_view_fileset</spirit:name>
      <spirit:file>
        <spirit:name>sysgen_icon_100.png</spirit:name>
        <spirit:userFileType>image</spirit:userFileType>
        <spirit:userFileType>LOGO</spirit:userFileType>
      </spirit:file>
    </spirit:fileSet>
  </spirit:fileSets>
  <spirit:description> This IP was generated from System Generator. All changes must be made in SysGen model.  </spirit:description>
  <spirit:parameters>
    <spirit:parameter>
      <spirit:name>Component_Name</spirit:name>
      <spirit:value spirit:resolve="user" spirit:id="PARAM_VALUE.Component_Name" spirit:order="1">pfb_fir_4096c_16i_core_v1_0</spirit:value>
    </spirit:parameter>
  </spirit:parameters>
  <spirit:vendorExtensions>
    <xilinx:coreExtensions>
      <xilinx:supportedFamilies>
        <xilinx:family xilinx:lifeCycle="Beta">kintexu</xilinx:family>
      </xilinx:supportedFamilies>
      <xilinx:taxonomies>
        <xilinx:taxonomy>/System_Generator_for_DSP</xilinx:taxonomy>
      </xilinx:taxonomies>
      <xilinx:displayName>pfb_fir_4096c_16i_core</xilinx:displayName>
      <xilinx:definitionSource>sysgen</xilinx:definitionSource>
      <xilinx:coreRevision>210767397</xilinx:coreRevision>
      <xilinx:coreCreationDateTime>2020-01-24T18:31:15Z</xilinx:coreCreationDateTime>
    </xilinx:coreExtensions>
    <xilinx:packagingInfo>
      <xilinx:xilinxVersion>2016.4</xilinx:xilinxVersion>
    </xilinx:packagingInfo>
  </spirit:vendorExtensions>
</spirit:component>
